id,node_id,name,full_name,private,owner,html_url,description,fork,url,forks_url,keys_url,collaborators_url,teams_url,hooks_url,issue_events_url,events_url,assignees_url,branches_url,tags_url,blobs_url,git_tags_url,git_refs_url,trees_url,statuses_url,languages_url,stargazers_url,contributors_url,subscribers_url,subscription_url,commits_url,git_commits_url,comments_url,issue_comment_url,contents_url,compare_url,merges_url,archive_url,downloads_url,issues_url,pulls_url,milestones_url,notifications_url,labels_url,releases_url,deployments_url,created_at,updated_at,pushed_at,git_url,ssh_url,clone_url,svn_url,homepage,size,stargazers_count,watchers_count,language,has_issues,has_projects,has_downloads,has_wiki,has_pages,has_discussions,forks_count,mirror_url,archived,disabled,open_issues_count,license,allow_forking,is_template,web_commit_signoff_required,has_pull_requests,pull_request_creation_policy,topics,visibility,forks,open_issues,watchers,default_branch
833728765,R_kgDOMbGw_Q,-CrackYourInternship,Jeffery2004/-CrackYourInternship,False,"{'login': 'Jeffery2004', 'id': 149921657, 'node_id': 'U_kgDOCO-feQ', 'avatar_url': 'https://avatars.githubusercontent.com/u/149921657?v=4', 'gravatar_id': '', 'url': 'https://api.github.com/users/Jeffery2004', 'html_url': 'https://github.com/Jeffery2004', 'followers_url': 'https://api.github.com/users/Jeffery2004/followers', 'following_url': 'https://api.github.com/users/Jeffery2004/following{/other_user}', 'gists_url': 'https://api.github.com/users/Jeffery2004/gists{/gist_id}', 'starred_url': 'https://api.github.com/users/Jeffery2004/starred{/owner}{/repo}', 'subscriptions_url': 'https://api.github.com/users/Jeffery2004/subscriptions', 'organizations_url': 'https://api.github.com/users/Jeffery2004/orgs', 'repos_url': 'https://api.github.com/users/Jeffery2004/repos', 'events_url': 'https://api.github.com/users/Jeffery2004/events{/privacy}', 'received_events_url': 'https://api.github.com/users/Jeffery2004/received_events', 'type': 'User', 'user_view_type': 'public', 'site_admin': False}",https://github.com/Jeffery2004/-CrackYourInternship,,False,https://api.github.com/repos/Jeffery2004/-CrackYourInternship,https://api.github.com/repos/Jeffery2004/-CrackYourInternship/forks,https://api.github.com/repos/Jeffery2004/-CrackYourInternship/keys{/key_id},https://api.github.com/repos/Jeffery2004/-CrackYourInternship/collaborators{/collaborator},https://api.github.com/repos/Jeffery2004/-CrackYourInternship/teams,https://api.github.com/repos/Jeffery2004/-CrackYourInternship/hooks,https://api.github.com/repos/Jeffery2004/-CrackYourInternship/issues/events{/number},https://api.github.com/repos/Jeffery2004/-CrackYourInternship/events,https://api.github.com/repos/Jeffery2004/-CrackYourInternship/assignees{/user},https://api.github.com/repos/Jeffery2004/-CrackYourInternship/branches{/branch},https://api.github.com/repos/Jeffery2004/-CrackYourInternship/tags,https://api.github.com/repos/Jeffery2004/-CrackYourInternship/git/blobs{/sha},https://api.github.com/repos/Jeffery2004/-CrackYourInternship/git/tags{/sha},https://api.github.com/repos/Jeffery2004/-CrackYourInternship/git/refs{/sha},https://api.github.com/repos/Jeffery2004/-CrackYourInternship/git/trees{/sha},https://api.github.com/repos/Jeffery2004/-CrackYourInternship/statuses/{sha},https://api.github.com/repos/Jeffery2004/-CrackYourInternship/languages,https://api.github.com/repos/Jeffery2004/-CrackYourInternship/stargazers,https://api.github.com/repos/Jeffery2004/-CrackYourInternship/contributors,https://api.github.com/repos/Jeffery2004/-CrackYourInternship/subscribers,https://api.github.com/repos/Jeffery2004/-CrackYourInternship/subscription,https://api.github.com/repos/Jeffery2004/-CrackYourInternship/commits{/sha},https://api.github.com/repos/Jeffery2004/-CrackYourInternship/git/commits{/sha},https://api.github.com/repos/Jeffery2004/-CrackYourInternship/comments{/number},https://api.github.com/repos/Jeffery2004/-CrackYourInternship/issues/comments{/number},https://api.github.com/repos/Jeffery2004/-CrackYourInternship/contents/{+path},https://api.github.com/repos/Jeffery2004/-CrackYourInternship/compare/{base}...{head},https://api.github.com/repos/Jeffery2004/-CrackYourInternship/merges,https://api.github.com/repos/Jeffery2004/-CrackYourInternship/{archive_format}{/ref},https://api.github.com/repos/Jeffery2004/-CrackYourInternship/downloads,https://api.github.com/repos/Jeffery2004/-CrackYourInternship/issues{/number},https://api.github.com/repos/Jeffery2004/-CrackYourInternship/pulls{/number},https://api.github.com/repos/Jeffery2004/-CrackYourInternship/milestones{/number},"https://api.github.com/repos/Jeffery2004/-CrackYourInternship/notifications{?since,all,participating}",https://api.github.com/repos/Jeffery2004/-CrackYourInternship/labels{/name},https://api.github.com/repos/Jeffery2004/-CrackYourInternship/releases{/id},https://api.github.com/repos/Jeffery2004/-CrackYourInternship/deployments,2024-07-25T16:13:44Z,2024-07-28T14:08:13Z,2024-07-28T14:08:10Z,git://github.com/Jeffery2004/-CrackYourInternship.git,git@github.com:Jeffery2004/-CrackYourInternship.git,https://github.com/Jeffery2004/-CrackYourInternship.git,https://github.com/Jeffery2004/-CrackYourInternship,,11,0,0,,True,True,True,True,False,False,0,,False,False,0,,True,False,False,True,all,[],public,0,0,0,main
990797171,R_kgDOOw5dcw,Bookstore_API,Jeffery2004/Bookstore_API,False,"{'login': 'Jeffery2004', 'id': 149921657, 'node_id': 'U_kgDOCO-feQ', 'avatar_url': 'https://avatars.githubusercontent.com/u/149921657?v=4', 'gravatar_id': '', 'url': 'https://api.github.com/users/Jeffery2004', 'html_url': 'https://github.com/Jeffery2004', 'followers_url': 'https://api.github.com/users/Jeffery2004/followers', 'following_url': 'https://api.github.com/users/Jeffery2004/following{/other_user}', 'gists_url': 'https://api.github.com/users/Jeffery2004/gists{/gist_id}', 'starred_url': 'https://api.github.com/users/Jeffery2004/starred{/owner}{/repo}', 'subscriptions_url': 'https://api.github.com/users/Jeffery2004/subscriptions', 'organizations_url': 'https://api.github.com/users/Jeffery2004/orgs', 'repos_url': 'https://api.github.com/users/Jeffery2004/repos', 'events_url': 'https://api.github.com/users/Jeffery2004/events{/privacy}', 'received_events_url': 'https://api.github.com/users/Jeffery2004/received_events', 'type': 'User', 'user_view_type': 'public', 'site_admin': False}",https://github.com/Jeffery2004/Bookstore_API,,False,https://api.github.com/repos/Jeffery2004/Bookstore_API,https://api.github.com/repos/Jeffery2004/Bookstore_API/forks,https://api.github.com/repos/Jeffery2004/Bookstore_API/keys{/key_id},https://api.github.com/repos/Jeffery2004/Bookstore_API/collaborators{/collaborator},https://api.github.com/repos/Jeffery2004/Bookstore_API/teams,https://api.github.com/repos/Jeffery2004/Bookstore_API/hooks,https://api.github.com/repos/Jeffery2004/Bookstore_API/issues/events{/number},https://api.github.com/repos/Jeffery2004/Bookstore_API/events,https://api.github.com/repos/Jeffery2004/Bookstore_API/assignees{/user},https://api.github.com/repos/Jeffery2004/Bookstore_API/branches{/branch},https://api.github.com/repos/Jeffery2004/Bookstore_API/tags,https://api.github.com/repos/Jeffery2004/Bookstore_API/git/blobs{/sha},https://api.github.com/repos/Jeffery2004/Bookstore_API/git/tags{/sha},https://api.github.com/repos/Jeffery2004/Bookstore_API/git/refs{/sha},https://api.github.com/repos/Jeffery2004/Bookstore_API/git/trees{/sha},https://api.github.com/repos/Jeffery2004/Bookstore_API/statuses/{sha},https://api.github.com/repos/Jeffery2004/Bookstore_API/languages,https://api.github.com/repos/Jeffery2004/Bookstore_API/stargazers,https://api.github.com/repos/Jeffery2004/Bookstore_API/contributors,https://api.github.com/repos/Jeffery2004/Bookstore_API/subscribers,https://api.github.com/repos/Jeffery2004/Bookstore_API/subscription,https://api.github.com/repos/Jeffery2004/Bookstore_API/commits{/sha},https://api.github.com/repos/Jeffery2004/Bookstore_API/git/commits{/sha},https://api.github.com/repos/Jeffery2004/Bookstore_API/comments{/number},https://api.github.com/repos/Jeffery2004/Bookstore_API/issues/comments{/number},https://api.github.com/repos/Jeffery2004/Bookstore_API/contents/{+path},https://api.github.com/repos/Jeffery2004/Bookstore_API/compare/{base}...{head},https://api.github.com/repos/Jeffery2004/Bookstore_API/merges,https://api.github.com/repos/Jeffery2004/Bookstore_API/{archive_format}{/ref},https://api.github.com/repos/Jeffery2004/Bookstore_API/downloads,https://api.github.com/repos/Jeffery2004/Bookstore_API/issues{/number},https://api.github.com/repos/Jeffery2004/Bookstore_API/pulls{/number},https://api.github.com/repos/Jeffery2004/Bookstore_API/milestones{/number},"https://api.github.com/repos/Jeffery2004/Bookstore_API/notifications{?since,all,participating}",https://api.github.com/repos/Jeffery2004/Bookstore_API/labels{/name},https://api.github.com/repos/Jeffery2004/Bookstore_API/releases{/id},https://api.github.com/repos/Jeffery2004/Bookstore_API/deployments,2025-05-26T16:44:22Z,2025-05-26T17:02:13Z,2025-05-26T17:02:10Z,git://github.com/Jeffery2004/Bookstore_API.git,git@github.com:Jeffery2004/Bookstore_API.git,https://github.com/Jeffery2004/Bookstore_API.git,https://github.com/Jeffery2004/Bookstore_API,,3320,0,0,JavaScript,True,True,True,True,False,False,0,,False,False,0,,True,False,False,True,all,[],public,0,0,0,master
882585202,R_kgDONJsucg,Bookstore_backend,Jeffery2004/Bookstore_backend,False,"{'login': 'Jeffery2004', 'id': 149921657, 'node_id': 'U_kgDOCO-feQ', 'avatar_url': 'https://avatars.githubusercontent.com/u/149921657?v=4', 'gravatar_id': '', 'url': 'https://api.github.com/users/Jeffery2004', 'html_url': 'https://github.com/Jeffery2004', 'followers_url': 'https://api.github.com/users/Jeffery2004/followers', 'following_url': 'https://api.github.com/users/Jeffery2004/following{/other_user}', 'gists_url': 'https://api.github.com/users/Jeffery2004/gists{/gist_id}', 'starred_url': 'https://api.github.com/users/Jeffery2004/starred{/owner}{/repo}', 'subscriptions_url': 'https://api.github.com/users/Jeffery2004/subscriptions', 'organizations_url': 'https://api.github.com/users/Jeffery2004/orgs', 'repos_url': 'https://api.github.com/users/Jeffery2004/repos', 'events_url': 'https://api.github.com/users/Jeffery2004/events{/privacy}', 'received_events_url': 'https://api.github.com/users/Jeffery2004/received_events', 'type': 'User', 'user_view_type': 'public', 'site_admin': False}",https://github.com/Jeffery2004/Bookstore_backend,"A simple Node.js + Express backend for a Bookstore app with MongoDB, supporting book management, search, reviews, and basic user registration/login.",False,https://api.github.com/repos/Jeffery2004/Bookstore_backend,https://api.github.com/repos/Jeffery2004/Bookstore_backend/forks,https://api.github.com/repos/Jeffery2004/Bookstore_backend/keys{/key_id},https://api.github.com/repos/Jeffery2004/Bookstore_backend/collaborators{/collaborator},https://api.github.com/repos/Jeffery2004/Bookstore_backend/teams,https://api.github.com/repos/Jeffery2004/Bookstore_backend/hooks,https://api.github.com/repos/Jeffery2004/Bookstore_backend/issues/events{/number},https://api.github.com/repos/Jeffery2004/Bookstore_backend/events,https://api.github.com/repos/Jeffery2004/Bookstore_backend/assignees{/user},https://api.github.com/repos/Jeffery2004/Bookstore_backend/branches{/branch},https://api.github.com/repos/Jeffery2004/Bookstore_backend/tags,https://api.github.com/repos/Jeffery2004/Bookstore_backend/git/blobs{/sha},https://api.github.com/repos/Jeffery2004/Bookstore_backend/git/tags{/sha},https://api.github.com/repos/Jeffery2004/Bookstore_backend/git/refs{/sha},https://api.github.com/repos/Jeffery2004/Bookstore_backend/git/trees{/sha},https://api.github.com/repos/Jeffery2004/Bookstore_backend/statuses/{sha},https://api.github.com/repos/Jeffery2004/Bookstore_backend/languages,https://api.github.com/repos/Jeffery2004/Bookstore_backend/stargazers,https://api.github.com/repos/Jeffery2004/Bookstore_backend/contributors,https://api.github.com/repos/Jeffery2004/Bookstore_backend/subscribers,https://api.github.com/repos/Jeffery2004/Bookstore_backend/subscription,https://api.github.com/repos/Jeffery2004/Bookstore_backend/commits{/sha},https://api.github.com/repos/Jeffery2004/Bookstore_backend/git/commits{/sha},https://api.github.com/repos/Jeffery2004/Bookstore_backend/comments{/number},https://api.github.com/repos/Jeffery2004/Bookstore_backend/issues/comments{/number},https://api.github.com/repos/Jeffery2004/Bookstore_backend/contents/{+path},https://api.github.com/repos/Jeffery2004/Bookstore_backend/compare/{base}...{head},https://api.github.com/repos/Jeffery2004/Bookstore_backend/merges,https://api.github.com/repos/Jeffery2004/Bookstore_backend/{archive_format}{/ref},https://api.github.com/repos/Jeffery2004/Bookstore_backend/downloads,https://api.github.com/repos/Jeffery2004/Bookstore_backend/issues{/number},https://api.github.com/repos/Jeffery2004/Bookstore_backend/pulls{/number},https://api.github.com/repos/Jeffery2004/Bookstore_backend/milestones{/number},"https://api.github.com/repos/Jeffery2004/Bookstore_backend/notifications{?since,all,participating}",https://api.github.com/repos/Jeffery2004/Bookstore_backend/labels{/name},https://api.github.com/repos/Jeffery2004/Bookstore_backend/releases{/id},https://api.github.com/repos/Jeffery2004/Bookstore_backend/deployments,2024-11-03T07:29:37Z,2026-02-10T14:33:58Z,2026-02-09T13:37:09Z,git://github.com/Jeffery2004/Bookstore_backend.git,git@github.com:Jeffery2004/Bookstore_backend.git,https://github.com/Jeffery2004/Bookstore_backend.git,https://github.com/Jeffery2004/Bookstore_backend,,18,0,0,JavaScript,True,True,True,True,False,False,0,,False,False,0,,True,False,False,True,all,"['expressjs', 'mongodb', 'nodejs']",public,0,0,0,main
882606636,R_kgDONJuCLA,Bookstore_MERN,Jeffery2004/Bookstore_MERN,False,"{'login': 'Jeffery2004', 'id': 149921657, 'node_id': 'U_kgDOCO-feQ', 'avatar_url': 'https://avatars.githubusercontent.com/u/149921657?v=4', 'gravatar_id': '', 'url': 'https://api.github.com/users/Jeffery2004', 'html_url': 'https://github.com/Jeffery2004', 'followers_url': 'https://api.github.com/users/Jeffery2004/followers', 'following_url': 'https://api.github.com/users/Jeffery2004/following{/other_user}', 'gists_url': 'https://api.github.com/users/Jeffery2004/gists{/gist_id}', 'starred_url': 'https://api.github.com/users/Jeffery2004/starred{/owner}{/repo}', 'subscriptions_url': 'https://api.github.com/users/Jeffery2004/subscriptions', 'organizations_url': 'https://api.github.com/users/Jeffery2004/orgs', 'repos_url': 'https://api.github.com/users/Jeffery2004/repos', 'events_url': 'https://api.github.com/users/Jeffery2004/events{/privacy}', 'received_events_url': 'https://api.github.com/users/Jeffery2004/received_events', 'type': 'User', 'user_view_type': 'public', 'site_admin': False}",https://github.com/Jeffery2004/Bookstore_MERN,Full-stack Bookstore web application built with the MERN stack featuring complete CRUD operations and RESTful APIs.,False,https://api.github.com/repos/Jeffery2004/Bookstore_MERN,https://api.github.com/repos/Jeffery2004/Bookstore_MERN/forks,https://api.github.com/repos/Jeffery2004/Bookstore_MERN/keys{/key_id},https://api.github.com/repos/Jeffery2004/Bookstore_MERN/collaborators{/collaborator},https://api.github.com/repos/Jeffery2004/Bookstore_MERN/teams,https://api.github.com/repos/Jeffery2004/Bookstore_MERN/hooks,https://api.github.com/repos/Jeffery2004/Bookstore_MERN/issues/events{/number},https://api.github.com/repos/Jeffery2004/Bookstore_MERN/events,https://api.github.com/repos/Jeffery2004/Bookstore_MERN/assignees{/user},https://api.github.com/repos/Jeffery2004/Bookstore_MERN/branches{/branch},https://api.github.com/repos/Jeffery2004/Bookstore_MERN/tags,https://api.github.com/repos/Jeffery2004/Bookstore_MERN/git/blobs{/sha},https://api.github.com/repos/Jeffery2004/Bookstore_MERN/git/tags{/sha},https://api.github.com/repos/Jeffery2004/Bookstore_MERN/git/refs{/sha},https://api.github.com/repos/Jeffery2004/Bookstore_MERN/git/trees{/sha},https://api.github.com/repos/Jeffery2004/Bookstore_MERN/statuses/{sha},https://api.github.com/repos/Jeffery2004/Bookstore_MERN/languages,https://api.github.com/repos/Jeffery2004/Bookstore_MERN/stargazers,https://api.github.com/repos/Jeffery2004/Bookstore_MERN/contributors,https://api.github.com/repos/Jeffery2004/Bookstore_MERN/subscribers,https://api.github.com/repos/Jeffery2004/Bookstore_MERN/subscription,https://api.github.com/repos/Jeffery2004/Bookstore_MERN/commits{/sha},https://api.github.com/repos/Jeffery2004/Bookstore_MERN/git/commits{/sha},https://api.github.com/repos/Jeffery2004/Bookstore_MERN/comments{/number},https://api.github.com/repos/Jeffery2004/Bookstore_MERN/issues/comments{/number},https://api.github.com/repos/Jeffery2004/Bookstore_MERN/contents/{+path},https://api.github.com/repos/Jeffery2004/Bookstore_MERN/compare/{base}...{head},https://api.github.com/repos/Jeffery2004/Bookstore_MERN/merges,https://api.github.com/repos/Jeffery2004/Bookstore_MERN/{archive_format}{/ref},https://api.github.com/repos/Jeffery2004/Bookstore_MERN/downloads,https://api.github.com/repos/Jeffery2004/Bookstore_MERN/issues{/number},https://api.github.com/repos/Jeffery2004/Bookstore_MERN/pulls{/number},https://api.github.com/repos/Jeffery2004/Bookstore_MERN/milestones{/number},"https://api.github.com/repos/Jeffery2004/Bookstore_MERN/notifications{?since,all,participating}",https://api.github.com/repos/Jeffery2004/Bookstore_MERN/labels{/name},https://api.github.com/repos/Jeffery2004/Bookstore_MERN/releases{/id},https://api.github.com/repos/Jeffery2004/Bookstore_MERN/deployments,2024-11-03T09:05:55Z,2026-02-04T08:15:43Z,2026-02-04T08:14:38Z,git://github.com/Jeffery2004/Bookstore_MERN.git,git@github.com:Jeffery2004/Bookstore_MERN.git,https://github.com/Jeffery2004/Bookstore_MERN.git,https://github.com/Jeffery2004/Bookstore_MERN,,24,0,0,JavaScript,True,True,True,True,False,False,0,,False,False,0,,True,False,False,True,all,"['crud-operation', 'mern-stack', 'rest-api']",public,0,0,0,main
771044920,R_kgDOLfU2OA,Calculator,Jeffery2004/Calculator,False,"{'login': 'Jeffery2004', 'id': 149921657, 'node_id': 'U_kgDOCO-feQ', 'avatar_url': 'https://avatars.githubusercontent.com/u/149921657?v=4', 'gravatar_id': '', 'url': 'https://api.github.com/users/Jeffery2004', 'html_url': 'https://github.com/Jeffery2004', 'followers_url': 'https://api.github.com/users/Jeffery2004/followers', 'following_url': 'https://api.github.com/users/Jeffery2004/following{/other_user}', 'gists_url': 'https://api.github.com/users/Jeffery2004/gists{/gist_id}', 'starred_url': 'https://api.github.com/users/Jeffery2004/starred{/owner}{/repo}', 'subscriptions_url': 'https://api.github.com/users/Jeffery2004/subscriptions', 'organizations_url': 'https://api.github.com/users/Jeffery2004/orgs', 'repos_url': 'https://api.github.com/users/Jeffery2004/repos', 'events_url': 'https://api.github.com/users/Jeffery2004/events{/privacy}', 'received_events_url': 'https://api.github.com/users/Jeffery2004/received_events', 'type': 'User', 'user_view_type': 'public', 'site_admin': False}",https://github.com/Jeffery2004/Calculator,"A responsive calculator web app built with HTML, CSS, and JavaScript using DOM manipulation and expression evaluation.",False,https://api.github.com/repos/Jeffery2004/Calculator,https://api.github.com/repos/Jeffery2004/Calculator/forks,https://api.github.com/repos/Jeffery2004/Calculator/keys{/key_id},https://api.github.com/repos/Jeffery2004/Calculator/collaborators{/collaborator},https://api.github.com/repos/Jeffery2004/Calculator/teams,https://api.github.com/repos/Jeffery2004/Calculator/hooks,https://api.github.com/repos/Jeffery2004/Calculator/issues/events{/number},https://api.github.com/repos/Jeffery2004/Calculator/events,https://api.github.com/repos/Jeffery2004/Calculator/assignees{/user},https://api.github.com/repos/Jeffery2004/Calculator/branches{/branch},https://api.github.com/repos/Jeffery2004/Calculator/tags,https://api.github.com/repos/Jeffery2004/Calculator/git/blobs{/sha},https://api.github.com/repos/Jeffery2004/Calculator/git/tags{/sha},https://api.github.com/repos/Jeffery2004/Calculator/git/refs{/sha},https://api.github.com/repos/Jeffery2004/Calculator/git/trees{/sha},https://api.github.com/repos/Jeffery2004/Calculator/statuses/{sha},https://api.github.com/repos/Jeffery2004/Calculator/languages,https://api.github.com/repos/Jeffery2004/Calculator/stargazers,https://api.github.com/repos/Jeffery2004/Calculator/contributors,https://api.github.com/repos/Jeffery2004/Calculator/subscribers,https://api.github.com/repos/Jeffery2004/Calculator/subscription,https://api.github.com/repos/Jeffery2004/Calculator/commits{/sha},https://api.github.com/repos/Jeffery2004/Calculator/git/commits{/sha},https://api.github.com/repos/Jeffery2004/Calculator/comments{/number},https://api.github.com/repos/Jeffery2004/Calculator/issues/comments{/number},https://api.github.com/repos/Jeffery2004/Calculator/contents/{+path},https://api.github.com/repos/Jeffery2004/Calculator/compare/{base}...{head},https://api.github.com/repos/Jeffery2004/Calculator/merges,https://api.github.com/repos/Jeffery2004/Calculator/{archive_format}{/ref},https://api.github.com/repos/Jeffery2004/Calculator/downloads,https://api.github.com/repos/Jeffery2004/Calculator/issues{/number},https://api.github.com/repos/Jeffery2004/Calculator/pulls{/number},https://api.github.com/repos/Jeffery2004/Calculator/milestones{/number},"https://api.github.com/repos/Jeffery2004/Calculator/notifications{?since,all,participating}",https://api.github.com/repos/Jeffery2004/Calculator/labels{/name},https://api.github.com/repos/Jeffery2004/Calculator/releases{/id},https://api.github.com/repos/Jeffery2004/Calculator/deployments,2024-03-12T15:37:26Z,2026-02-11T14:45:54Z,2026-02-11T14:45:50Z,git://github.com/Jeffery2004/Calculator.git,git@github.com:Jeffery2004/Calculator.git,https://github.com/Jeffery2004/Calculator.git,https://github.com/Jeffery2004/Calculator,,8,0,0,HTML,True,True,True,True,False,False,0,,False,False,0,,True,False,False,True,all,"['css', 'dom-manipulation', 'html', 'javascript']",public,0,0,0,main
882608351,R_kgDONJuI3w,CRUD_MERN,Jeffery2004/CRUD_MERN,False,"{'login': 'Jeffery2004', 'id': 149921657, 'node_id': 'U_kgDOCO-feQ', 'avatar_url': 'https://avatars.githubusercontent.com/u/149921657?v=4', 'gravatar_id': '', 'url': 'https://api.github.com/users/Jeffery2004', 'html_url': 'https://github.com/Jeffery2004', 'followers_url': 'https://api.github.com/users/Jeffery2004/followers', 'following_url': 'https://api.github.com/users/Jeffery2004/following{/other_user}', 'gists_url': 'https://api.github.com/users/Jeffery2004/gists{/gist_id}', 'starred_url': 'https://api.github.com/users/Jeffery2004/starred{/owner}{/repo}', 'subscriptions_url': 'https://api.github.com/users/Jeffery2004/subscriptions', 'organizations_url': 'https://api.github.com/users/Jeffery2004/orgs', 'repos_url': 'https://api.github.com/users/Jeffery2004/repos', 'events_url': 'https://api.github.com/users/Jeffery2004/events{/privacy}', 'received_events_url': 'https://api.github.com/users/Jeffery2004/received_events', 'type': 'User', 'user_view_type': 'public', 'site_admin': False}",https://github.com/Jeffery2004/CRUD_MERN,"A full-stack MERN CRUD project with a React frontend and REST API backend, supporting complete data management with MongoDB.",False,https://api.github.com/repos/Jeffery2004/CRUD_MERN,https://api.github.com/repos/Jeffery2004/CRUD_MERN/forks,https://api.github.com/repos/Jeffery2004/CRUD_MERN/keys{/key_id},https://api.github.com/repos/Jeffery2004/CRUD_MERN/collaborators{/collaborator},https://api.github.com/repos/Jeffery2004/CRUD_MERN/teams,https://api.github.com/repos/Jeffery2004/CRUD_MERN/hooks,https://api.github.com/repos/Jeffery2004/CRUD_MERN/issues/events{/number},https://api.github.com/repos/Jeffery2004/CRUD_MERN/events,https://api.github.com/repos/Jeffery2004/CRUD_MERN/assignees{/user},https://api.github.com/repos/Jeffery2004/CRUD_MERN/branches{/branch},https://api.github.com/repos/Jeffery2004/CRUD_MERN/tags,https://api.github.com/repos/Jeffery2004/CRUD_MERN/git/blobs{/sha},https://api.github.com/repos/Jeffery2004/CRUD_MERN/git/tags{/sha},https://api.github.com/repos/Jeffery2004/CRUD_MERN/git/refs{/sha},https://api.github.com/repos/Jeffery2004/CRUD_MERN/git/trees{/sha},https://api.github.com/repos/Jeffery2004/CRUD_MERN/statuses/{sha},https://api.github.com/repos/Jeffery2004/CRUD_MERN/languages,https://api.github.com/repos/Jeffery2004/CRUD_MERN/stargazers,https://api.github.com/repos/Jeffery2004/CRUD_MERN/contributors,https://api.github.com/repos/Jeffery2004/CRUD_MERN/subscribers,https://api.github.com/repos/Jeffery2004/CRUD_MERN/subscription,https://api.github.com/repos/Jeffery2004/CRUD_MERN/commits{/sha},https://api.github.com/repos/Jeffery2004/CRUD_MERN/git/commits{/sha},https://api.github.com/repos/Jeffery2004/CRUD_MERN/comments{/number},https://api.github.com/repos/Jeffery2004/CRUD_MERN/issues/comments{/number},https://api.github.com/repos/Jeffery2004/CRUD_MERN/contents/{+path},https://api.github.com/repos/Jeffery2004/CRUD_MERN/compare/{base}...{head},https://api.github.com/repos/Jeffery2004/CRUD_MERN/merges,https://api.github.com/repos/Jeffery2004/CRUD_MERN/{archive_format}{/ref},https://api.github.com/repos/Jeffery2004/CRUD_MERN/downloads,https://api.github.com/repos/Jeffery2004/CRUD_MERN/issues{/number},https://api.github.com/repos/Jeffery2004/CRUD_MERN/pulls{/number},https://api.github.com/repos/Jeffery2004/CRUD_MERN/milestones{/number},"https://api.github.com/repos/Jeffery2004/CRUD_MERN/notifications{?since,all,participating}",https://api.github.com/repos/Jeffery2004/CRUD_MERN/labels{/name},https://api.github.com/repos/Jeffery2004/CRUD_MERN/releases{/id},https://api.github.com/repos/Jeffery2004/CRUD_MERN/deployments,2024-11-03T09:12:49Z,2026-02-08T10:35:47Z,2026-02-08T10:33:55Z,git://github.com/Jeffery2004/CRUD_MERN.git,git@github.com:Jeffery2004/CRUD_MERN.git,https://github.com/Jeffery2004/CRUD_MERN.git,https://github.com/Jeffery2004/CRUD_MERN,,23,0,0,JavaScript,True,True,True,True,False,False,0,,False,False,0,,True,False,False,True,all,"['api-integration', 'crud-application', 'mern-stack']",public,0,0,0,main
1005655495,R_kgDOO_EVxw,DebtManagement_Springboot,Jeffery2004/DebtManagement_Springboot,False,"{'login': 'Jeffery2004', 'id': 149921657, 'node_id': 'U_kgDOCO-feQ', 'avatar_url': 'https://avatars.githubusercontent.com/u/149921657?v=4', 'gravatar_id': '', 'url': 'https://api.github.com/users/Jeffery2004', 'html_url': 'https://github.com/Jeffery2004', 'followers_url': 'https://api.github.com/users/Jeffery2004/followers', 'following_url': 'https://api.github.com/users/Jeffery2004/following{/other_user}', 'gists_url': 'https://api.github.com/users/Jeffery2004/gists{/gist_id}', 'starred_url': 'https://api.github.com/users/Jeffery2004/starred{/owner}{/repo}', 'subscriptions_url': 'https://api.github.com/users/Jeffery2004/subscriptions', 'organizations_url': 'https://api.github.com/users/Jeffery2004/orgs', 'repos_url': 'https://api.github.com/users/Jeffery2004/repos', 'events_url': 'https://api.github.com/users/Jeffery2004/events{/privacy}', 'received_events_url': 'https://api.github.com/users/Jeffery2004/received_events', 'type': 'User', 'user_view_type': 'public', 'site_admin': False}",https://github.com/Jeffery2004/DebtManagement_Springboot,"A Debt Management System built using Spring Framework that helps manage debtor records, payments, and outstanding balances securely. The application includes OTP-based authentication to ensure safe user access and protect sensitive financial data.",False,https://api.github.com/repos/Jeffery2004/DebtManagement_Springboot,https://api.github.com/repos/Jeffery2004/DebtManagement_Springboot/forks,https://api.github.com/repos/Jeffery2004/DebtManagement_Springboot/keys{/key_id},https://api.github.com/repos/Jeffery2004/DebtManagement_Springboot/collaborators{/collaborator},https://api.github.com/repos/Jeffery2004/DebtManagement_Springboot/teams,https://api.github.com/repos/Jeffery2004/DebtManagement_Springboot/hooks,https://api.github.com/repos/Jeffery2004/DebtManagement_Springboot/issues/events{/number},https://api.github.com/repos/Jeffery2004/DebtManagement_Springboot/events,https://api.github.com/repos/Jeffery2004/DebtManagement_Springboot/assignees{/user},https://api.github.com/repos/Jeffery2004/DebtManagement_Springboot/branches{/branch},https://api.github.com/repos/Jeffery2004/DebtManagement_Springboot/tags,https://api.github.com/repos/Jeffery2004/DebtManagement_Springboot/git/blobs{/sha},https://api.github.com/repos/Jeffery2004/DebtManagement_Springboot/git/tags{/sha},https://api.github.com/repos/Jeffery2004/DebtManagement_Springboot/git/refs{/sha},https://api.github.com/repos/Jeffery2004/DebtManagement_Springboot/git/trees{/sha},https://api.github.com/repos/Jeffery2004/DebtManagement_Springboot/statuses/{sha},https://api.github.com/repos/Jeffery2004/DebtManagement_Springboot/languages,https://api.github.com/repos/Jeffery2004/DebtManagement_Springboot/stargazers,https://api.github.com/repos/Jeffery2004/DebtManagement_Springboot/contributors,https://api.github.com/repos/Jeffery2004/DebtManagement_Springboot/subscribers,https://api.github.com/repos/Jeffery2004/DebtManagement_Springboot/subscription,https://api.github.com/repos/Jeffery2004/DebtManagement_Springboot/commits{/sha},https://api.github.com/repos/Jeffery2004/DebtManagement_Springboot/git/commits{/sha},https://api.github.com/repos/Jeffery2004/DebtManagement_Springboot/comments{/number},https://api.github.com/repos/Jeffery2004/DebtManagement_Springboot/issues/comments{/number},https://api.github.com/repos/Jeffery2004/DebtManagement_Springboot/contents/{+path},https://api.github.com/repos/Jeffery2004/DebtManagement_Springboot/compare/{base}...{head},https://api.github.com/repos/Jeffery2004/DebtManagement_Springboot/merges,https://api.github.com/repos/Jeffery2004/DebtManagement_Springboot/{archive_format}{/ref},https://api.github.com/repos/Jeffery2004/DebtManagement_Springboot/downloads,https://api.github.com/repos/Jeffery2004/DebtManagement_Springboot/issues{/number},https://api.github.com/repos/Jeffery2004/DebtManagement_Springboot/pulls{/number},https://api.github.com/repos/Jeffery2004/DebtManagement_Springboot/milestones{/number},"https://api.github.com/repos/Jeffery2004/DebtManagement_Springboot/notifications{?since,all,participating}",https://api.github.com/repos/Jeffery2004/DebtManagement_Springboot/labels{/name},https://api.github.com/repos/Jeffery2004/DebtManagement_Springboot/releases{/id},https://api.github.com/repos/Jeffery2004/DebtManagement_Springboot/deployments,2025-06-20T15:25:37Z,2026-02-06T04:33:16Z,2026-01-16T08:22:49Z,git://github.com/Jeffery2004/DebtManagement_Springboot.git,git@github.com:Jeffery2004/DebtManagement_Springboot.git,https://github.com/Jeffery2004/DebtManagement_Springboot.git,https://github.com/Jeffery2004/DebtManagement_Springboot,,65,1,1,JavaScript,True,True,True,True,False,False,0,,False,False,0,,True,False,False,True,all,"['java', 'mysql', 'reactjs', 'spring-boot']",public,0,0,1,main
1145702802,R_kgDOREoJkg,forage-midas,Jeffery2004/forage-midas,False,"{'login': 'Jeffery2004', 'id': 149921657, 'node_id': 'U_kgDOCO-feQ', 'avatar_url': 'https://avatars.githubusercontent.com/u/149921657?v=4', 'gravatar_id': '', 'url': 'https://api.github.com/users/Jeffery2004', 'html_url': 'https://github.com/Jeffery2004', 'followers_url': 'https://api.github.com/users/Jeffery2004/followers', 'following_url': 'https://api.github.com/users/Jeffery2004/following{/other_user}', 'gists_url': 'https://api.github.com/users/Jeffery2004/gists{/gist_id}', 'starred_url': 'https://api.github.com/users/Jeffery2004/starred{/owner}{/repo}', 'subscriptions_url': 'https://api.github.com/users/Jeffery2004/subscriptions', 'organizations_url': 'https://api.github.com/users/Jeffery2004/orgs', 'repos_url': 'https://api.github.com/users/Jeffery2004/repos', 'events_url': 'https://api.github.com/users/Jeffery2004/events{/privacy}', 'received_events_url': 'https://api.github.com/users/Jeffery2004/received_events', 'type': 'User', 'user_view_type': 'public', 'site_admin': False}",https://github.com/Jeffery2004/forage-midas,Project repo for the JPMC Advanced Software Engineering Forage program,True,https://api.github.com/repos/Jeffery2004/forage-midas,https://api.github.com/repos/Jeffery2004/forage-midas/forks,https://api.github.com/repos/Jeffery2004/forage-midas/keys{/key_id},https://api.github.com/repos/Jeffery2004/forage-midas/collaborators{/collaborator},https://api.github.com/repos/Jeffery2004/forage-midas/teams,https://api.github.com/repos/Jeffery2004/forage-midas/hooks,https://api.github.com/repos/Jeffery2004/forage-midas/issues/events{/number},https://api.github.com/repos/Jeffery2004/forage-midas/events,https://api.github.com/repos/Jeffery2004/forage-midas/assignees{/user},https://api.github.com/repos/Jeffery2004/forage-midas/branches{/branch},https://api.github.com/repos/Jeffery2004/forage-midas/tags,https://api.github.com/repos/Jeffery2004/forage-midas/git/blobs{/sha},https://api.github.com/repos/Jeffery2004/forage-midas/git/tags{/sha},https://api.github.com/repos/Jeffery2004/forage-midas/git/refs{/sha},https://api.github.com/repos/Jeffery2004/forage-midas/git/trees{/sha},https://api.github.com/repos/Jeffery2004/forage-midas/statuses/{sha},https://api.github.com/repos/Jeffery2004/forage-midas/languages,https://api.github.com/repos/Jeffery2004/forage-midas/stargazers,https://api.github.com/repos/Jeffery2004/forage-midas/contributors,https://api.github.com/repos/Jeffery2004/forage-midas/subscribers,https://api.github.com/repos/Jeffery2004/forage-midas/subscription,https://api.github.com/repos/Jeffery2004/forage-midas/commits{/sha},https://api.github.com/repos/Jeffery2004/forage-midas/git/commits{/sha},https://api.github.com/repos/Jeffery2004/forage-midas/comments{/number},https://api.github.com/repos/Jeffery2004/forage-midas/issues/comments{/number},https://api.github.com/repos/Jeffery2004/forage-midas/contents/{+path},https://api.github.com/repos/Jeffery2004/forage-midas/compare/{base}...{head},https://api.github.com/repos/Jeffery2004/forage-midas/merges,https://api.github.com/repos/Jeffery2004/forage-midas/{archive_format}{/ref},https://api.github.com/repos/Jeffery2004/forage-midas/downloads,https://api.github.com/repos/Jeffery2004/forage-midas/issues{/number},https://api.github.com/repos/Jeffery2004/forage-midas/pulls{/number},https://api.github.com/repos/Jeffery2004/forage-midas/milestones{/number},"https://api.github.com/repos/Jeffery2004/forage-midas/notifications{?since,all,participating}",https://api.github.com/repos/Jeffery2004/forage-midas/labels{/name},https://api.github.com/repos/Jeffery2004/forage-midas/releases{/id},https://api.github.com/repos/Jeffery2004/forage-midas/deployments,2026-01-30T05:28:32Z,2026-01-30T05:28:32Z,2024-08-15T03:23:58Z,git://github.com/Jeffery2004/forage-midas.git,git@github.com:Jeffery2004/forage-midas.git,https://github.com/Jeffery2004/forage-midas.git,https://github.com/Jeffery2004/forage-midas,,15189,0,0,,False,True,True,True,False,False,0,,False,False,0,,True,False,False,True,all,[],public,0,0,0,flow
1133689786,R_kgDOQ5K7ug,GigFlow_Platform,Jeffery2004/GigFlow_Platform,False,"{'login': 'Jeffery2004', 'id': 149921657, 'node_id': 'U_kgDOCO-feQ', 'avatar_url': 'https://avatars.githubusercontent.com/u/149921657?v=4', 'gravatar_id': '', 'url': 'https://api.github.com/users/Jeffery2004', 'html_url': 'https://github.com/Jeffery2004', 'followers_url': 'https://api.github.com/users/Jeffery2004/followers', 'following_url': 'https://api.github.com/users/Jeffery2004/following{/other_user}', 'gists_url': 'https://api.github.com/users/Jeffery2004/gists{/gist_id}', 'starred_url': 'https://api.github.com/users/Jeffery2004/starred{/owner}{/repo}', 'subscriptions_url': 'https://api.github.com/users/Jeffery2004/subscriptions', 'organizations_url': 'https://api.github.com/users/Jeffery2004/orgs', 'repos_url': 'https://api.github.com/users/Jeffery2004/repos', 'events_url': 'https://api.github.com/users/Jeffery2004/events{/privacy}', 'received_events_url': 'https://api.github.com/users/Jeffery2004/received_events', 'type': 'User', 'user_view_type': 'public', 'site_admin': False}",https://github.com/Jeffery2004/GigFlow_Platform,Freelance job bidding platform with real-time hiring notifications,False,https://api.github.com/repos/Jeffery2004/GigFlow_Platform,https://api.github.com/repos/Jeffery2004/GigFlow_Platform/forks,https://api.github.com/repos/Jeffery2004/GigFlow_Platform/keys{/key_id},https://api.github.com/repos/Jeffery2004/GigFlow_Platform/collaborators{/collaborator},https://api.github.com/repos/Jeffery2004/GigFlow_Platform/teams,https://api.github.com/repos/Jeffery2004/GigFlow_Platform/hooks,https://api.github.com/repos/Jeffery2004/GigFlow_Platform/issues/events{/number},https://api.github.com/repos/Jeffery2004/GigFlow_Platform/events,https://api.github.com/repos/Jeffery2004/GigFlow_Platform/assignees{/user},https://api.github.com/repos/Jeffery2004/GigFlow_Platform/branches{/branch},https://api.github.com/repos/Jeffery2004/GigFlow_Platform/tags,https://api.github.com/repos/Jeffery2004/GigFlow_Platform/git/blobs{/sha},https://api.github.com/repos/Jeffery2004/GigFlow_Platform/git/tags{/sha},https://api.github.com/repos/Jeffery2004/GigFlow_Platform/git/refs{/sha},https://api.github.com/repos/Jeffery2004/GigFlow_Platform/git/trees{/sha},https://api.github.com/repos/Jeffery2004/GigFlow_Platform/statuses/{sha},https://api.github.com/repos/Jeffery2004/GigFlow_Platform/languages,https://api.github.com/repos/Jeffery2004/GigFlow_Platform/stargazers,https://api.github.com/repos/Jeffery2004/GigFlow_Platform/contributors,https://api.github.com/repos/Jeffery2004/GigFlow_Platform/subscribers,https://api.github.com/repos/Jeffery2004/GigFlow_Platform/subscription,https://api.github.com/repos/Jeffery2004/GigFlow_Platform/commits{/sha},https://api.github.com/repos/Jeffery2004/GigFlow_Platform/git/commits{/sha},https://api.github.com/repos/Jeffery2004/GigFlow_Platform/comments{/number},https://api.github.com/repos/Jeffery2004/GigFlow_Platform/issues/comments{/number},https://api.github.com/repos/Jeffery2004/GigFlow_Platform/contents/{+path},https://api.github.com/repos/Jeffery2004/GigFlow_Platform/compare/{base}...{head},https://api.github.com/repos/Jeffery2004/GigFlow_Platform/merges,https://api.github.com/repos/Jeffery2004/GigFlow_Platform/{archive_format}{/ref},https://api.github.com/repos/Jeffery2004/GigFlow_Platform/downloads,https://api.github.com/repos/Jeffery2004/GigFlow_Platform/issues{/number},https://api.github.com/repos/Jeffery2004/GigFlow_Platform/pulls{/number},https://api.github.com/repos/Jeffery2004/GigFlow_Platform/milestones{/number},"https://api.github.com/repos/Jeffery2004/GigFlow_Platform/notifications{?since,all,participating}",https://api.github.com/repos/Jeffery2004/GigFlow_Platform/labels{/name},https://api.github.com/repos/Jeffery2004/GigFlow_Platform/releases{/id},https://api.github.com/repos/Jeffery2004/GigFlow_Platform/deployments,2026-01-13T17:30:13Z,2026-01-14T06:41:46Z,2026-01-14T06:41:42Z,git://github.com/Jeffery2004/GigFlow_Platform.git,git@github.com:Jeffery2004/GigFlow_Platform.git,https://github.com/Jeffery2004/GigFlow_Platform.git,https://github.com/Jeffery2004/GigFlow_Platform,,64,0,0,JavaScript,True,True,True,True,False,False,0,,False,False,0,,True,False,False,True,all,[],public,0,0,0,main
1186192366,R_kgDORrPb7g,github-etl-pipeline,Jeffery2004/github-etl-pipeline,False,"{'login': 'Jeffery2004', 'id': 149921657, 'node_id': 'U_kgDOCO-feQ', 'avatar_url': 'https://avatars.githubusercontent.com/u/149921657?v=4', 'gravatar_id': '', 'url': 'https://api.github.com/users/Jeffery2004', 'html_url': 'https://github.com/Jeffery2004', 'followers_url': 'https://api.github.com/users/Jeffery2004/followers', 'following_url': 'https://api.github.com/users/Jeffery2004/following{/other_user}', 'gists_url': 'https://api.github.com/users/Jeffery2004/gists{/gist_id}', 'starred_url': 'https://api.github.com/users/Jeffery2004/starred{/owner}{/repo}', 'subscriptions_url': 'https://api.github.com/users/Jeffery2004/subscriptions', 'organizations_url': 'https://api.github.com/users/Jeffery2004/orgs', 'repos_url': 'https://api.github.com/users/Jeffery2004/repos', 'events_url': 'https://api.github.com/users/Jeffery2004/events{/privacy}', 'received_events_url': 'https://api.github.com/users/Jeffery2004/received_events', 'type': 'User', 'user_view_type': 'public', 'site_admin': False}",https://github.com/Jeffery2004/github-etl-pipeline,,False,https://api.github.com/repos/Jeffery2004/github-etl-pipeline,https://api.github.com/repos/Jeffery2004/github-etl-pipeline/forks,https://api.github.com/repos/Jeffery2004/github-etl-pipeline/keys{/key_id},https://api.github.com/repos/Jeffery2004/github-etl-pipeline/collaborators{/collaborator},https://api.github.com/repos/Jeffery2004/github-etl-pipeline/teams,https://api.github.com/repos/Jeffery2004/github-etl-pipeline/hooks,https://api.github.com/repos/Jeffery2004/github-etl-pipeline/issues/events{/number},https://api.github.com/repos/Jeffery2004/github-etl-pipeline/events,https://api.github.com/repos/Jeffery2004/github-etl-pipeline/assignees{/user},https://api.github.com/repos/Jeffery2004/github-etl-pipeline/branches{/branch},https://api.github.com/repos/Jeffery2004/github-etl-pipeline/tags,https://api.github.com/repos/Jeffery2004/github-etl-pipeline/git/blobs{/sha},https://api.github.com/repos/Jeffery2004/github-etl-pipeline/git/tags{/sha},https://api.github.com/repos/Jeffery2004/github-etl-pipeline/git/refs{/sha},https://api.github.com/repos/Jeffery2004/github-etl-pipeline/git/trees{/sha},https://api.github.com/repos/Jeffery2004/github-etl-pipeline/statuses/{sha},https://api.github.com/repos/Jeffery2004/github-etl-pipeline/languages,https://api.github.com/repos/Jeffery2004/github-etl-pipeline/stargazers,https://api.github.com/repos/Jeffery2004/github-etl-pipeline/contributors,https://api.github.com/repos/Jeffery2004/github-etl-pipeline/subscribers,https://api.github.com/repos/Jeffery2004/github-etl-pipeline/subscription,https://api.github.com/repos/Jeffery2004/github-etl-pipeline/commits{/sha},https://api.github.com/repos/Jeffery2004/github-etl-pipeline/git/commits{/sha},https://api.github.com/repos/Jeffery2004/github-etl-pipeline/comments{/number},https://api.github.com/repos/Jeffery2004/github-etl-pipeline/issues/comments{/number},https://api.github.com/repos/Jeffery2004/github-etl-pipeline/contents/{+path},https://api.github.com/repos/Jeffery2004/github-etl-pipeline/compare/{base}...{head},https://api.github.com/repos/Jeffery2004/github-etl-pipeline/merges,https://api.github.com/repos/Jeffery2004/github-etl-pipeline/{archive_format}{/ref},https://api.github.com/repos/Jeffery2004/github-etl-pipeline/downloads,https://api.github.com/repos/Jeffery2004/github-etl-pipeline/issues{/number},https://api.github.com/repos/Jeffery2004/github-etl-pipeline/pulls{/number},https://api.github.com/repos/Jeffery2004/github-etl-pipeline/milestones{/number},"https://api.github.com/repos/Jeffery2004/github-etl-pipeline/notifications{?since,all,participating}",https://api.github.com/repos/Jeffery2004/github-etl-pipeline/labels{/name},https://api.github.com/repos/Jeffery2004/github-etl-pipeline/releases{/id},https://api.github.com/repos/Jeffery2004/github-etl-pipeline/deployments,2026-03-19T11:15:11Z,2026-03-19T11:18:45Z,2026-03-19T11:18:41Z,git://github.com/Jeffery2004/github-etl-pipeline.git,git@github.com:Jeffery2004/github-etl-pipeline.git,https://github.com/Jeffery2004/github-etl-pipeline.git,https://github.com/Jeffery2004/github-etl-pipeline,,0,0,0,Python,True,True,True,True,False,False,0,,False,False,0,,True,False,False,True,all,[],public,0,0,0,main
1037393423,R_kgDOPdVeDw,Gmail_Management_App,Jeffery2004/Gmail_Management_App,False,"{'login': 'Jeffery2004', 'id': 149921657, 'node_id': 'U_kgDOCO-feQ', 'avatar_url': 'https://avatars.githubusercontent.com/u/149921657?v=4', 'gravatar_id': '', 'url': 'https://api.github.com/users/Jeffery2004', 'html_url': 'https://github.com/Jeffery2004', 'followers_url': 'https://api.github.com/users/Jeffery2004/followers', 'following_url': 'https://api.github.com/users/Jeffery2004/following{/other_user}', 'gists_url': 'https://api.github.com/users/Jeffery2004/gists{/gist_id}', 'starred_url': 'https://api.github.com/users/Jeffery2004/starred{/owner}{/repo}', 'subscriptions_url': 'https://api.github.com/users/Jeffery2004/subscriptions', 'organizations_url': 'https://api.github.com/users/Jeffery2004/orgs', 'repos_url': 'https://api.github.com/users/Jeffery2004/repos', 'events_url': 'https://api.github.com/users/Jeffery2004/events{/privacy}', 'received_events_url': 'https://api.github.com/users/Jeffery2004/received_events', 'type': 'User', 'user_view_type': 'public', 'site_admin': False}",https://github.com/Jeffery2004/Gmail_Management_App,"Python-based Email Automation System to fetch, organize, and manage Gmail messages using rules and local SQLite storage.",False,https://api.github.com/repos/Jeffery2004/Gmail_Management_App,https://api.github.com/repos/Jeffery2004/Gmail_Management_App/forks,https://api.github.com/repos/Jeffery2004/Gmail_Management_App/keys{/key_id},https://api.github.com/repos/Jeffery2004/Gmail_Management_App/collaborators{/collaborator},https://api.github.com/repos/Jeffery2004/Gmail_Management_App/teams,https://api.github.com/repos/Jeffery2004/Gmail_Management_App/hooks,https://api.github.com/repos/Jeffery2004/Gmail_Management_App/issues/events{/number},https://api.github.com/repos/Jeffery2004/Gmail_Management_App/events,https://api.github.com/repos/Jeffery2004/Gmail_Management_App/assignees{/user},https://api.github.com/repos/Jeffery2004/Gmail_Management_App/branches{/branch},https://api.github.com/repos/Jeffery2004/Gmail_Management_App/tags,https://api.github.com/repos/Jeffery2004/Gmail_Management_App/git/blobs{/sha},https://api.github.com/repos/Jeffery2004/Gmail_Management_App/git/tags{/sha},https://api.github.com/repos/Jeffery2004/Gmail_Management_App/git/refs{/sha},https://api.github.com/repos/Jeffery2004/Gmail_Management_App/git/trees{/sha},https://api.github.com/repos/Jeffery2004/Gmail_Management_App/statuses/{sha},https://api.github.com/repos/Jeffery2004/Gmail_Management_App/languages,https://api.github.com/repos/Jeffery2004/Gmail_Management_App/stargazers,https://api.github.com/repos/Jeffery2004/Gmail_Management_App/contributors,https://api.github.com/repos/Jeffery2004/Gmail_Management_App/subscribers,https://api.github.com/repos/Jeffery2004/Gmail_Management_App/subscription,https://api.github.com/repos/Jeffery2004/Gmail_Management_App/commits{/sha},https://api.github.com/repos/Jeffery2004/Gmail_Management_App/git/commits{/sha},https://api.github.com/repos/Jeffery2004/Gmail_Management_App/comments{/number},https://api.github.com/repos/Jeffery2004/Gmail_Management_App/issues/comments{/number},https://api.github.com/repos/Jeffery2004/Gmail_Management_App/contents/{+path},https://api.github.com/repos/Jeffery2004/Gmail_Management_App/compare/{base}...{head},https://api.github.com/repos/Jeffery2004/Gmail_Management_App/merges,https://api.github.com/repos/Jeffery2004/Gmail_Management_App/{archive_format}{/ref},https://api.github.com/repos/Jeffery2004/Gmail_Management_App/downloads,https://api.github.com/repos/Jeffery2004/Gmail_Management_App/issues{/number},https://api.github.com/repos/Jeffery2004/Gmail_Management_App/pulls{/number},https://api.github.com/repos/Jeffery2004/Gmail_Management_App/milestones{/number},"https://api.github.com/repos/Jeffery2004/Gmail_Management_App/notifications{?since,all,participating}",https://api.github.com/repos/Jeffery2004/Gmail_Management_App/labels{/name},https://api.github.com/repos/Jeffery2004/Gmail_Management_App/releases{/id},https://api.github.com/repos/Jeffery2004/Gmail_Management_App/deployments,2025-08-13T14:02:08Z,2026-02-10T14:39:21Z,2025-08-13T18:39:31Z,git://github.com/Jeffery2004/Gmail_Management_App.git,git@github.com:Jeffery2004/Gmail_Management_App.git,https://github.com/Jeffery2004/Gmail_Management_App.git,https://github.com/Jeffery2004/Gmail_Management_App,,469,0,0,Python,True,True,True,True,False,False,0,,False,False,0,,True,False,False,True,all,[],public,0,0,0,main
763838723,R_kgDOLYdBAw,Jeffery2004,Jeffery2004/Jeffery2004,False,"{'login': 'Jeffery2004', 'id': 149921657, 'node_id': 'U_kgDOCO-feQ', 'avatar_url': 'https://avatars.githubusercontent.com/u/149921657?v=4', 'gravatar_id': '', 'url': 'https://api.github.com/users/Jeffery2004', 'html_url': 'https://github.com/Jeffery2004', 'followers_url': 'https://api.github.com/users/Jeffery2004/followers', 'following_url': 'https://api.github.com/users/Jeffery2004/following{/other_user}', 'gists_url': 'https://api.github.com/users/Jeffery2004/gists{/gist_id}', 'starred_url': 'https://api.github.com/users/Jeffery2004/starred{/owner}{/repo}', 'subscriptions_url': 'https://api.github.com/users/Jeffery2004/subscriptions', 'organizations_url': 'https://api.github.com/users/Jeffery2004/orgs', 'repos_url': 'https://api.github.com/users/Jeffery2004/repos', 'events_url': 'https://api.github.com/users/Jeffery2004/events{/privacy}', 'received_events_url': 'https://api.github.com/users/Jeffery2004/received_events', 'type': 'User', 'user_view_type': 'public', 'site_admin': False}",https://github.com/Jeffery2004/Jeffery2004,Config files for my GitHub profile.,False,https://api.github.com/repos/Jeffery2004/Jeffery2004,https://api.github.com/repos/Jeffery2004/Jeffery2004/forks,https://api.github.com/repos/Jeffery2004/Jeffery2004/keys{/key_id},https://api.github.com/repos/Jeffery2004/Jeffery2004/collaborators{/collaborator},https://api.github.com/repos/Jeffery2004/Jeffery2004/teams,https://api.github.com/repos/Jeffery2004/Jeffery2004/hooks,https://api.github.com/repos/Jeffery2004/Jeffery2004/issues/events{/number},https://api.github.com/repos/Jeffery2004/Jeffery2004/events,https://api.github.com/repos/Jeffery2004/Jeffery2004/assignees{/user},https://api.github.com/repos/Jeffery2004/Jeffery2004/branches{/branch},https://api.github.com/repos/Jeffery2004/Jeffery2004/tags,https://api.github.com/repos/Jeffery2004/Jeffery2004/git/blobs{/sha},https://api.github.com/repos/Jeffery2004/Jeffery2004/git/tags{/sha},https://api.github.com/repos/Jeffery2004/Jeffery2004/git/refs{/sha},https://api.github.com/repos/Jeffery2004/Jeffery2004/git/trees{/sha},https://api.github.com/repos/Jeffery2004/Jeffery2004/statuses/{sha},https://api.github.com/repos/Jeffery2004/Jeffery2004/languages,https://api.github.com/repos/Jeffery2004/Jeffery2004/stargazers,https://api.github.com/repos/Jeffery2004/Jeffery2004/contributors,https://api.github.com/repos/Jeffery2004/Jeffery2004/subscribers,https://api.github.com/repos/Jeffery2004/Jeffery2004/subscription,https://api.github.com/repos/Jeffery2004/Jeffery2004/commits{/sha},https://api.github.com/repos/Jeffery2004/Jeffery2004/git/commits{/sha},https://api.github.com/repos/Jeffery2004/Jeffery2004/comments{/number},https://api.github.com/repos/Jeffery2004/Jeffery2004/issues/comments{/number},https://api.github.com/repos/Jeffery2004/Jeffery2004/contents/{+path},https://api.github.com/repos/Jeffery2004/Jeffery2004/compare/{base}...{head},https://api.github.com/repos/Jeffery2004/Jeffery2004/merges,https://api.github.com/repos/Jeffery2004/Jeffery2004/{archive_format}{/ref},https://api.github.com/repos/Jeffery2004/Jeffery2004/downloads,https://api.github.com/repos/Jeffery2004/Jeffery2004/issues{/number},https://api.github.com/repos/Jeffery2004/Jeffery2004/pulls{/number},https://api.github.com/repos/Jeffery2004/Jeffery2004/milestones{/number},"https://api.github.com/repos/Jeffery2004/Jeffery2004/notifications{?since,all,participating}",https://api.github.com/repos/Jeffery2004/Jeffery2004/labels{/name},https://api.github.com/repos/Jeffery2004/Jeffery2004/releases{/id},https://api.github.com/repos/Jeffery2004/Jeffery2004/deployments,2024-02-27T02:17:55Z,2026-01-16T08:28:11Z,2026-01-16T08:28:07Z,git://github.com/Jeffery2004/Jeffery2004.git,git@github.com:Jeffery2004/Jeffery2004.git,https://github.com/Jeffery2004/Jeffery2004.git,https://github.com/Jeffery2004/Jeffery2004,https://github.com/Jeffery2004,3,0,0,,False,True,True,False,False,False,0,,False,False,0,,True,False,False,True,all,"['config', 'github-config']",public,0,0,0,main
771044149,R_kgDOLfUzNQ,landing_page,Jeffery2004/landing_page,False,"{'login': 'Jeffery2004', 'id': 149921657, 'node_id': 'U_kgDOCO-feQ', 'avatar_url': 'https://avatars.githubusercontent.com/u/149921657?v=4', 'gravatar_id': '', 'url': 'https://api.github.com/users/Jeffery2004', 'html_url': 'https://github.com/Jeffery2004', 'followers_url': 'https://api.github.com/users/Jeffery2004/followers', 'following_url': 'https://api.github.com/users/Jeffery2004/following{/other_user}', 'gists_url': 'https://api.github.com/users/Jeffery2004/gists{/gist_id}', 'starred_url': 'https://api.github.com/users/Jeffery2004/starred{/owner}{/repo}', 'subscriptions_url': 'https://api.github.com/users/Jeffery2004/subscriptions', 'organizations_url': 'https://api.github.com/users/Jeffery2004/orgs', 'repos_url': 'https://api.github.com/users/Jeffery2004/repos', 'events_url': 'https://api.github.com/users/Jeffery2004/events{/privacy}', 'received_events_url': 'https://api.github.com/users/Jeffery2004/received_events', 'type': 'User', 'user_view_type': 'public', 'site_admin': False}",https://github.com/Jeffery2004/landing_page,,False,https://api.github.com/repos/Jeffery2004/landing_page,https://api.github.com/repos/Jeffery2004/landing_page/forks,https://api.github.com/repos/Jeffery2004/landing_page/keys{/key_id},https://api.github.com/repos/Jeffery2004/landing_page/collaborators{/collaborator},https://api.github.com/repos/Jeffery2004/landing_page/teams,https://api.github.com/repos/Jeffery2004/landing_page/hooks,https://api.github.com/repos/Jeffery2004/landing_page/issues/events{/number},https://api.github.com/repos/Jeffery2004/landing_page/events,https://api.github.com/repos/Jeffery2004/landing_page/assignees{/user},https://api.github.com/repos/Jeffery2004/landing_page/branches{/branch},https://api.github.com/repos/Jeffery2004/landing_page/tags,https://api.github.com/repos/Jeffery2004/landing_page/git/blobs{/sha},https://api.github.com/repos/Jeffery2004/landing_page/git/tags{/sha},https://api.github.com/repos/Jeffery2004/landing_page/git/refs{/sha},https://api.github.com/repos/Jeffery2004/landing_page/git/trees{/sha},https://api.github.com/repos/Jeffery2004/landing_page/statuses/{sha},https://api.github.com/repos/Jeffery2004/landing_page/languages,https://api.github.com/repos/Jeffery2004/landing_page/stargazers,https://api.github.com/repos/Jeffery2004/landing_page/contributors,https://api.github.com/repos/Jeffery2004/landing_page/subscribers,https://api.github.com/repos/Jeffery2004/landing_page/subscription,https://api.github.com/repos/Jeffery2004/landing_page/commits{/sha},https://api.github.com/repos/Jeffery2004/landing_page/git/commits{/sha},https://api.github.com/repos/Jeffery2004/landing_page/comments{/number},https://api.github.com/repos/Jeffery2004/landing_page/issues/comments{/number},https://api.github.com/repos/Jeffery2004/landing_page/contents/{+path},https://api.github.com/repos/Jeffery2004/landing_page/compare/{base}...{head},https://api.github.com/repos/Jeffery2004/landing_page/merges,https://api.github.com/repos/Jeffery2004/landing_page/{archive_format}{/ref},https://api.github.com/repos/Jeffery2004/landing_page/downloads,https://api.github.com/repos/Jeffery2004/landing_page/issues{/number},https://api.github.com/repos/Jeffery2004/landing_page/pulls{/number},https://api.github.com/repos/Jeffery2004/landing_page/milestones{/number},"https://api.github.com/repos/Jeffery2004/landing_page/notifications{?since,all,participating}",https://api.github.com/repos/Jeffery2004/landing_page/labels{/name},https://api.github.com/repos/Jeffery2004/landing_page/releases{/id},https://api.github.com/repos/Jeffery2004/landing_page/deployments,2024-03-12T15:35:54Z,2024-03-12T15:36:57Z,2024-03-12T15:36:53Z,git://github.com/Jeffery2004/landing_page.git,git@github.com:Jeffery2004/landing_page.git,https://github.com/Jeffery2004/landing_page.git,https://github.com/Jeffery2004/landing_page,,4,0,0,HTML,True,True,True,True,False,False,0,,False,False,0,,True,False,False,True,all,[],public,0,0,0,main
771041965,R_kgDOLfUqrQ,portfolio,Jeffery2004/portfolio,False,"{'login': 'Jeffery2004', 'id': 149921657, 'node_id': 'U_kgDOCO-feQ', 'avatar_url': 'https://avatars.githubusercontent.com/u/149921657?v=4', 'gravatar_id': '', 'url': 'https://api.github.com/users/Jeffery2004', 'html_url': 'https://github.com/Jeffery2004', 'followers_url': 'https://api.github.com/users/Jeffery2004/followers', 'following_url': 'https://api.github.com/users/Jeffery2004/following{/other_user}', 'gists_url': 'https://api.github.com/users/Jeffery2004/gists{/gist_id}', 'starred_url': 'https://api.github.com/users/Jeffery2004/starred{/owner}{/repo}', 'subscriptions_url': 'https://api.github.com/users/Jeffery2004/subscriptions', 'organizations_url': 'https://api.github.com/users/Jeffery2004/orgs', 'repos_url': 'https://api.github.com/users/Jeffery2004/repos', 'events_url': 'https://api.github.com/users/Jeffery2004/events{/privacy}', 'received_events_url': 'https://api.github.com/users/Jeffery2004/received_events', 'type': 'User', 'user_view_type': 'public', 'site_admin': False}",https://github.com/Jeffery2004/portfolio,,False,https://api.github.com/repos/Jeffery2004/portfolio,https://api.github.com/repos/Jeffery2004/portfolio/forks,https://api.github.com/repos/Jeffery2004/portfolio/keys{/key_id},https://api.github.com/repos/Jeffery2004/portfolio/collaborators{/collaborator},https://api.github.com/repos/Jeffery2004/portfolio/teams,https://api.github.com/repos/Jeffery2004/portfolio/hooks,https://api.github.com/repos/Jeffery2004/portfolio/issues/events{/number},https://api.github.com/repos/Jeffery2004/portfolio/events,https://api.github.com/repos/Jeffery2004/portfolio/assignees{/user},https://api.github.com/repos/Jeffery2004/portfolio/branches{/branch},https://api.github.com/repos/Jeffery2004/portfolio/tags,https://api.github.com/repos/Jeffery2004/portfolio/git/blobs{/sha},https://api.github.com/repos/Jeffery2004/portfolio/git/tags{/sha},https://api.github.com/repos/Jeffery2004/portfolio/git/refs{/sha},https://api.github.com/repos/Jeffery2004/portfolio/git/trees{/sha},https://api.github.com/repos/Jeffery2004/portfolio/statuses/{sha},https://api.github.com/repos/Jeffery2004/portfolio/languages,https://api.github.com/repos/Jeffery2004/portfolio/stargazers,https://api.github.com/repos/Jeffery2004/portfolio/contributors,https://api.github.com/repos/Jeffery2004/portfolio/subscribers,https://api.github.com/repos/Jeffery2004/portfolio/subscription,https://api.github.com/repos/Jeffery2004/portfolio/commits{/sha},https://api.github.com/repos/Jeffery2004/portfolio/git/commits{/sha},https://api.github.com/repos/Jeffery2004/portfolio/comments{/number},https://api.github.com/repos/Jeffery2004/portfolio/issues/comments{/number},https://api.github.com/repos/Jeffery2004/portfolio/contents/{+path},https://api.github.com/repos/Jeffery2004/portfolio/compare/{base}...{head},https://api.github.com/repos/Jeffery2004/portfolio/merges,https://api.github.com/repos/Jeffery2004/portfolio/{archive_format}{/ref},https://api.github.com/repos/Jeffery2004/portfolio/downloads,https://api.github.com/repos/Jeffery2004/portfolio/issues{/number},https://api.github.com/repos/Jeffery2004/portfolio/pulls{/number},https://api.github.com/repos/Jeffery2004/portfolio/milestones{/number},"https://api.github.com/repos/Jeffery2004/portfolio/notifications{?since,all,participating}",https://api.github.com/repos/Jeffery2004/portfolio/labels{/name},https://api.github.com/repos/Jeffery2004/portfolio/releases{/id},https://api.github.com/repos/Jeffery2004/portfolio/deployments,2024-03-12T15:31:50Z,2024-03-12T15:34:08Z,2024-03-12T15:34:04Z,git://github.com/Jeffery2004/portfolio.git,git@github.com:Jeffery2004/portfolio.git,https://github.com/Jeffery2004/portfolio.git,https://github.com/Jeffery2004/portfolio,,4,0,0,HTML,True,True,True,True,False,False,0,,False,False,0,,True,False,False,True,all,[],public,0,0,0,main
871080146,R_kgDOM-ug0g,QRCode_generator,Jeffery2004/QRCode_generator,False,"{'login': 'Jeffery2004', 'id': 149921657, 'node_id': 'U_kgDOCO-feQ', 'avatar_url': 'https://avatars.githubusercontent.com/u/149921657?v=4', 'gravatar_id': '', 'url': 'https://api.github.com/users/Jeffery2004', 'html_url': 'https://github.com/Jeffery2004', 'followers_url': 'https://api.github.com/users/Jeffery2004/followers', 'following_url': 'https://api.github.com/users/Jeffery2004/following{/other_user}', 'gists_url': 'https://api.github.com/users/Jeffery2004/gists{/gist_id}', 'starred_url': 'https://api.github.com/users/Jeffery2004/starred{/owner}{/repo}', 'subscriptions_url': 'https://api.github.com/users/Jeffery2004/subscriptions', 'organizations_url': 'https://api.github.com/users/Jeffery2004/orgs', 'repos_url': 'https://api.github.com/users/Jeffery2004/repos', 'events_url': 'https://api.github.com/users/Jeffery2004/events{/privacy}', 'received_events_url': 'https://api.github.com/users/Jeffery2004/received_events', 'type': 'User', 'user_view_type': 'public', 'site_admin': False}",https://github.com/Jeffery2004/QRCode_generator,A QR Code Generator built using JavaScript that allows users to generate QR codes instantly for any text or URL using a free public API.,False,https://api.github.com/repos/Jeffery2004/QRCode_generator,https://api.github.com/repos/Jeffery2004/QRCode_generator/forks,https://api.github.com/repos/Jeffery2004/QRCode_generator/keys{/key_id},https://api.github.com/repos/Jeffery2004/QRCode_generator/collaborators{/collaborator},https://api.github.com/repos/Jeffery2004/QRCode_generator/teams,https://api.github.com/repos/Jeffery2004/QRCode_generator/hooks,https://api.github.com/repos/Jeffery2004/QRCode_generator/issues/events{/number},https://api.github.com/repos/Jeffery2004/QRCode_generator/events,https://api.github.com/repos/Jeffery2004/QRCode_generator/assignees{/user},https://api.github.com/repos/Jeffery2004/QRCode_generator/branches{/branch},https://api.github.com/repos/Jeffery2004/QRCode_generator/tags,https://api.github.com/repos/Jeffery2004/QRCode_generator/git/blobs{/sha},https://api.github.com/repos/Jeffery2004/QRCode_generator/git/tags{/sha},https://api.github.com/repos/Jeffery2004/QRCode_generator/git/refs{/sha},https://api.github.com/repos/Jeffery2004/QRCode_generator/git/trees{/sha},https://api.github.com/repos/Jeffery2004/QRCode_generator/statuses/{sha},https://api.github.com/repos/Jeffery2004/QRCode_generator/languages,https://api.github.com/repos/Jeffery2004/QRCode_generator/stargazers,https://api.github.com/repos/Jeffery2004/QRCode_generator/contributors,https://api.github.com/repos/Jeffery2004/QRCode_generator/subscribers,https://api.github.com/repos/Jeffery2004/QRCode_generator/subscription,https://api.github.com/repos/Jeffery2004/QRCode_generator/commits{/sha},https://api.github.com/repos/Jeffery2004/QRCode_generator/git/commits{/sha},https://api.github.com/repos/Jeffery2004/QRCode_generator/comments{/number},https://api.github.com/repos/Jeffery2004/QRCode_generator/issues/comments{/number},https://api.github.com/repos/Jeffery2004/QRCode_generator/contents/{+path},https://api.github.com/repos/Jeffery2004/QRCode_generator/compare/{base}...{head},https://api.github.com/repos/Jeffery2004/QRCode_generator/merges,https://api.github.com/repos/Jeffery2004/QRCode_generator/{archive_format}{/ref},https://api.github.com/repos/Jeffery2004/QRCode_generator/downloads,https://api.github.com/repos/Jeffery2004/QRCode_generator/issues{/number},https://api.github.com/repos/Jeffery2004/QRCode_generator/pulls{/number},https://api.github.com/repos/Jeffery2004/QRCode_generator/milestones{/number},"https://api.github.com/repos/Jeffery2004/QRCode_generator/notifications{?since,all,participating}",https://api.github.com/repos/Jeffery2004/QRCode_generator/labels{/name},https://api.github.com/repos/Jeffery2004/QRCode_generator/releases{/id},https://api.github.com/repos/Jeffery2004/QRCode_generator/deployments,2024-10-11T08:26:26Z,2026-02-06T04:33:09Z,2026-02-03T13:21:52Z,git://github.com/Jeffery2004/QRCode_generator.git,git@github.com:Jeffery2004/QRCode_generator.git,https://github.com/Jeffery2004/QRCode_generator.git,https://github.com/Jeffery2004/QRCode_generator,,7,0,0,JavaScript,True,True,True,True,False,False,0,,False,False,0,,True,False,False,True,all,"['api-integration', 'javascript', 'reactjs']",public,0,0,0,main
746121657,R_kgDOLHjpuQ,shopyee,Jeffery2004/shopyee,False,"{'login': 'Jeffery2004', 'id': 149921657, 'node_id': 'U_kgDOCO-feQ', 'avatar_url': 'https://avatars.githubusercontent.com/u/149921657?v=4', 'gravatar_id': '', 'url': 'https://api.github.com/users/Jeffery2004', 'html_url': 'https://github.com/Jeffery2004', 'followers_url': 'https://api.github.com/users/Jeffery2004/followers', 'following_url': 'https://api.github.com/users/Jeffery2004/following{/other_user}', 'gists_url': 'https://api.github.com/users/Jeffery2004/gists{/gist_id}', 'starred_url': 'https://api.github.com/users/Jeffery2004/starred{/owner}{/repo}', 'subscriptions_url': 'https://api.github.com/users/Jeffery2004/subscriptions', 'organizations_url': 'https://api.github.com/users/Jeffery2004/orgs', 'repos_url': 'https://api.github.com/users/Jeffery2004/repos', 'events_url': 'https://api.github.com/users/Jeffery2004/events{/privacy}', 'received_events_url': 'https://api.github.com/users/Jeffery2004/received_events', 'type': 'User', 'user_view_type': 'public', 'site_admin': False}",https://github.com/Jeffery2004/shopyee,,False,https://api.github.com/repos/Jeffery2004/shopyee,https://api.github.com/repos/Jeffery2004/shopyee/forks,https://api.github.com/repos/Jeffery2004/shopyee/keys{/key_id},https://api.github.com/repos/Jeffery2004/shopyee/collaborators{/collaborator},https://api.github.com/repos/Jeffery2004/shopyee/teams,https://api.github.com/repos/Jeffery2004/shopyee/hooks,https://api.github.com/repos/Jeffery2004/shopyee/issues/events{/number},https://api.github.com/repos/Jeffery2004/shopyee/events,https://api.github.com/repos/Jeffery2004/shopyee/assignees{/user},https://api.github.com/repos/Jeffery2004/shopyee/branches{/branch},https://api.github.com/repos/Jeffery2004/shopyee/tags,https://api.github.com/repos/Jeffery2004/shopyee/git/blobs{/sha},https://api.github.com/repos/Jeffery2004/shopyee/git/tags{/sha},https://api.github.com/repos/Jeffery2004/shopyee/git/refs{/sha},https://api.github.com/repos/Jeffery2004/shopyee/git/trees{/sha},https://api.github.com/repos/Jeffery2004/shopyee/statuses/{sha},https://api.github.com/repos/Jeffery2004/shopyee/languages,https://api.github.com/repos/Jeffery2004/shopyee/stargazers,https://api.github.com/repos/Jeffery2004/shopyee/contributors,https://api.github.com/repos/Jeffery2004/shopyee/subscribers,https://api.github.com/repos/Jeffery2004/shopyee/subscription,https://api.github.com/repos/Jeffery2004/shopyee/commits{/sha},https://api.github.com/repos/Jeffery2004/shopyee/git/commits{/sha},https://api.github.com/repos/Jeffery2004/shopyee/comments{/number},https://api.github.com/repos/Jeffery2004/shopyee/issues/comments{/number},https://api.github.com/repos/Jeffery2004/shopyee/contents/{+path},https://api.github.com/repos/Jeffery2004/shopyee/compare/{base}...{head},https://api.github.com/repos/Jeffery2004/shopyee/merges,https://api.github.com/repos/Jeffery2004/shopyee/{archive_format}{/ref},https://api.github.com/repos/Jeffery2004/shopyee/downloads,https://api.github.com/repos/Jeffery2004/shopyee/issues{/number},https://api.github.com/repos/Jeffery2004/shopyee/pulls{/number},https://api.github.com/repos/Jeffery2004/shopyee/milestones{/number},"https://api.github.com/repos/Jeffery2004/shopyee/notifications{?since,all,participating}",https://api.github.com/repos/Jeffery2004/shopyee/labels{/name},https://api.github.com/repos/Jeffery2004/shopyee/releases{/id},https://api.github.com/repos/Jeffery2004/shopyee/deployments,2024-01-21T05:38:49Z,2024-02-26T12:46:42Z,2024-01-21T05:40:13Z,git://github.com/Jeffery2004/shopyee.git,git@github.com:Jeffery2004/shopyee.git,https://github.com/Jeffery2004/shopyee.git,https://github.com/Jeffery2004/shopyee,,21,0,0,HTML,True,True,True,True,False,False,0,,False,False,0,,True,False,False,True,all,[],public,0,0,0,main
1143244531,R_kgDORCSG8w,Task_Management,Jeffery2004/Task_Management,False,"{'login': 'Jeffery2004', 'id': 149921657, 'node_id': 'U_kgDOCO-feQ', 'avatar_url': 'https://avatars.githubusercontent.com/u/149921657?v=4', 'gravatar_id': '', 'url': 'https://api.github.com/users/Jeffery2004', 'html_url': 'https://github.com/Jeffery2004', 'followers_url': 'https://api.github.com/users/Jeffery2004/followers', 'following_url': 'https://api.github.com/users/Jeffery2004/following{/other_user}', 'gists_url': 'https://api.github.com/users/Jeffery2004/gists{/gist_id}', 'starred_url': 'https://api.github.com/users/Jeffery2004/starred{/owner}{/repo}', 'subscriptions_url': 'https://api.github.com/users/Jeffery2004/subscriptions', 'organizations_url': 'https://api.github.com/users/Jeffery2004/orgs', 'repos_url': 'https://api.github.com/users/Jeffery2004/repos', 'events_url': 'https://api.github.com/users/Jeffery2004/events{/privacy}', 'received_events_url': 'https://api.github.com/users/Jeffery2004/received_events', 'type': 'User', 'user_view_type': 'public', 'site_admin': False}",https://github.com/Jeffery2004/Task_Management,"A real-time Task Management System built using the MERN stack that enables users to create, assign, and track tasks efficiently. The application uses JWT-based authentication for secure access and Socket.IO for real-time task updates and notifications.",False,https://api.github.com/repos/Jeffery2004/Task_Management,https://api.github.com/repos/Jeffery2004/Task_Management/forks,https://api.github.com/repos/Jeffery2004/Task_Management/keys{/key_id},https://api.github.com/repos/Jeffery2004/Task_Management/collaborators{/collaborator},https://api.github.com/repos/Jeffery2004/Task_Management/teams,https://api.github.com/repos/Jeffery2004/Task_Management/hooks,https://api.github.com/repos/Jeffery2004/Task_Management/issues/events{/number},https://api.github.com/repos/Jeffery2004/Task_Management/events,https://api.github.com/repos/Jeffery2004/Task_Management/assignees{/user},https://api.github.com/repos/Jeffery2004/Task_Management/branches{/branch},https://api.github.com/repos/Jeffery2004/Task_Management/tags,https://api.github.com/repos/Jeffery2004/Task_Management/git/blobs{/sha},https://api.github.com/repos/Jeffery2004/Task_Management/git/tags{/sha},https://api.github.com/repos/Jeffery2004/Task_Management/git/refs{/sha},https://api.github.com/repos/Jeffery2004/Task_Management/git/trees{/sha},https://api.github.com/repos/Jeffery2004/Task_Management/statuses/{sha},https://api.github.com/repos/Jeffery2004/Task_Management/languages,https://api.github.com/repos/Jeffery2004/Task_Management/stargazers,https://api.github.com/repos/Jeffery2004/Task_Management/contributors,https://api.github.com/repos/Jeffery2004/Task_Management/subscribers,https://api.github.com/repos/Jeffery2004/Task_Management/subscription,https://api.github.com/repos/Jeffery2004/Task_Management/commits{/sha},https://api.github.com/repos/Jeffery2004/Task_Management/git/commits{/sha},https://api.github.com/repos/Jeffery2004/Task_Management/comments{/number},https://api.github.com/repos/Jeffery2004/Task_Management/issues/comments{/number},https://api.github.com/repos/Jeffery2004/Task_Management/contents/{+path},https://api.github.com/repos/Jeffery2004/Task_Management/compare/{base}...{head},https://api.github.com/repos/Jeffery2004/Task_Management/merges,https://api.github.com/repos/Jeffery2004/Task_Management/{archive_format}{/ref},https://api.github.com/repos/Jeffery2004/Task_Management/downloads,https://api.github.com/repos/Jeffery2004/Task_Management/issues{/number},https://api.github.com/repos/Jeffery2004/Task_Management/pulls{/number},https://api.github.com/repos/Jeffery2004/Task_Management/milestones{/number},"https://api.github.com/repos/Jeffery2004/Task_Management/notifications{?since,all,participating}",https://api.github.com/repos/Jeffery2004/Task_Management/labels{/name},https://api.github.com/repos/Jeffery2004/Task_Management/releases{/id},https://api.github.com/repos/Jeffery2004/Task_Management/deployments,2026-01-27T10:43:04Z,2026-02-06T04:33:12Z,2026-02-02T04:30:32Z,git://github.com/Jeffery2004/Task_Management.git,git@github.com:Jeffery2004/Task_Management.git,https://github.com/Jeffery2004/Task_Management.git,https://github.com/Jeffery2004/Task_Management,,97,1,1,JavaScript,True,True,True,True,False,False,0,,False,False,0,,True,False,False,True,all,"['jwt-authentication', 'mern-stack', 'socket-io']",public,0,0,1,main
956033795,R_kgDOOPvrAw,UPI_payment,Jeffery2004/UPI_payment,False,"{'login': 'Jeffery2004', 'id': 149921657, 'node_id': 'U_kgDOCO-feQ', 'avatar_url': 'https://avatars.githubusercontent.com/u/149921657?v=4', 'gravatar_id': '', 'url': 'https://api.github.com/users/Jeffery2004', 'html_url': 'https://github.com/Jeffery2004', 'followers_url': 'https://api.github.com/users/Jeffery2004/followers', 'following_url': 'https://api.github.com/users/Jeffery2004/following{/other_user}', 'gists_url': 'https://api.github.com/users/Jeffery2004/gists{/gist_id}', 'starred_url': 'https://api.github.com/users/Jeffery2004/starred{/owner}{/repo}', 'subscriptions_url': 'https://api.github.com/users/Jeffery2004/subscriptions', 'organizations_url': 'https://api.github.com/users/Jeffery2004/orgs', 'repos_url': 'https://api.github.com/users/Jeffery2004/repos', 'events_url': 'https://api.github.com/users/Jeffery2004/events{/privacy}', 'received_events_url': 'https://api.github.com/users/Jeffery2004/received_events', 'type': 'User', 'user_view_type': 'public', 'site_admin': False}",https://github.com/Jeffery2004/UPI_payment,,False,https://api.github.com/repos/Jeffery2004/UPI_payment,https://api.github.com/repos/Jeffery2004/UPI_payment/forks,https://api.github.com/repos/Jeffery2004/UPI_payment/keys{/key_id},https://api.github.com/repos/Jeffery2004/UPI_payment/collaborators{/collaborator},https://api.github.com/repos/Jeffery2004/UPI_payment/teams,https://api.github.com/repos/Jeffery2004/UPI_payment/hooks,https://api.github.com/repos/Jeffery2004/UPI_payment/issues/events{/number},https://api.github.com/repos/Jeffery2004/UPI_payment/events,https://api.github.com/repos/Jeffery2004/UPI_payment/assignees{/user},https://api.github.com/repos/Jeffery2004/UPI_payment/branches{/branch},https://api.github.com/repos/Jeffery2004/UPI_payment/tags,https://api.github.com/repos/Jeffery2004/UPI_payment/git/blobs{/sha},https://api.github.com/repos/Jeffery2004/UPI_payment/git/tags{/sha},https://api.github.com/repos/Jeffery2004/UPI_payment/git/refs{/sha},https://api.github.com/repos/Jeffery2004/UPI_payment/git/trees{/sha},https://api.github.com/repos/Jeffery2004/UPI_payment/statuses/{sha},https://api.github.com/repos/Jeffery2004/UPI_payment/languages,https://api.github.com/repos/Jeffery2004/UPI_payment/stargazers,https://api.github.com/repos/Jeffery2004/UPI_payment/contributors,https://api.github.com/repos/Jeffery2004/UPI_payment/subscribers,https://api.github.com/repos/Jeffery2004/UPI_payment/subscription,https://api.github.com/repos/Jeffery2004/UPI_payment/commits{/sha},https://api.github.com/repos/Jeffery2004/UPI_payment/git/commits{/sha},https://api.github.com/repos/Jeffery2004/UPI_payment/comments{/number},https://api.github.com/repos/Jeffery2004/UPI_payment/issues/comments{/number},https://api.github.com/repos/Jeffery2004/UPI_payment/contents/{+path},https://api.github.com/repos/Jeffery2004/UPI_payment/compare/{base}...{head},https://api.github.com/repos/Jeffery2004/UPI_payment/merges,https://api.github.com/repos/Jeffery2004/UPI_payment/{archive_format}{/ref},https://api.github.com/repos/Jeffery2004/UPI_payment/downloads,https://api.github.com/repos/Jeffery2004/UPI_payment/issues{/number},https://api.github.com/repos/Jeffery2004/UPI_payment/pulls{/number},https://api.github.com/repos/Jeffery2004/UPI_payment/milestones{/number},"https://api.github.com/repos/Jeffery2004/UPI_payment/notifications{?since,all,participating}",https://api.github.com/repos/Jeffery2004/UPI_payment/labels{/name},https://api.github.com/repos/Jeffery2004/UPI_payment/releases{/id},https://api.github.com/repos/Jeffery2004/UPI_payment/deployments,2025-03-27T15:36:05Z,2025-03-27T15:36:53Z,2025-03-27T15:36:50Z,git://github.com/Jeffery2004/UPI_payment.git,git@github.com:Jeffery2004/UPI_payment.git,https://github.com/Jeffery2004/UPI_payment.git,https://github.com/Jeffery2004/UPI_payment,,22,0,0,JavaScript,True,True,True,True,False,False,0,,False,False,0,,True,False,False,True,all,[],public,0,0,0,main
992680100,R_kgDOOysYpA,URL_Shortener,Jeffery2004/URL_Shortener,False,"{'login': 'Jeffery2004', 'id': 149921657, 'node_id': 'U_kgDOCO-feQ', 'avatar_url': 'https://avatars.githubusercontent.com/u/149921657?v=4', 'gravatar_id': '', 'url': 'https://api.github.com/users/Jeffery2004', 'html_url': 'https://github.com/Jeffery2004', 'followers_url': 'https://api.github.com/users/Jeffery2004/followers', 'following_url': 'https://api.github.com/users/Jeffery2004/following{/other_user}', 'gists_url': 'https://api.github.com/users/Jeffery2004/gists{/gist_id}', 'starred_url': 'https://api.github.com/users/Jeffery2004/starred{/owner}{/repo}', 'subscriptions_url': 'https://api.github.com/users/Jeffery2004/subscriptions', 'organizations_url': 'https://api.github.com/users/Jeffery2004/orgs', 'repos_url': 'https://api.github.com/users/Jeffery2004/repos', 'events_url': 'https://api.github.com/users/Jeffery2004/events{/privacy}', 'received_events_url': 'https://api.github.com/users/Jeffery2004/received_events', 'type': 'User', 'user_view_type': 'public', 'site_admin': False}",https://github.com/Jeffery2004/URL_Shortener,,False,https://api.github.com/repos/Jeffery2004/URL_Shortener,https://api.github.com/repos/Jeffery2004/URL_Shortener/forks,https://api.github.com/repos/Jeffery2004/URL_Shortener/keys{/key_id},https://api.github.com/repos/Jeffery2004/URL_Shortener/collaborators{/collaborator},https://api.github.com/repos/Jeffery2004/URL_Shortener/teams,https://api.github.com/repos/Jeffery2004/URL_Shortener/hooks,https://api.github.com/repos/Jeffery2004/URL_Shortener/issues/events{/number},https://api.github.com/repos/Jeffery2004/URL_Shortener/events,https://api.github.com/repos/Jeffery2004/URL_Shortener/assignees{/user},https://api.github.com/repos/Jeffery2004/URL_Shortener/branches{/branch},https://api.github.com/repos/Jeffery2004/URL_Shortener/tags,https://api.github.com/repos/Jeffery2004/URL_Shortener/git/blobs{/sha},https://api.github.com/repos/Jeffery2004/URL_Shortener/git/tags{/sha},https://api.github.com/repos/Jeffery2004/URL_Shortener/git/refs{/sha},https://api.github.com/repos/Jeffery2004/URL_Shortener/git/trees{/sha},https://api.github.com/repos/Jeffery2004/URL_Shortener/statuses/{sha},https://api.github.com/repos/Jeffery2004/URL_Shortener/languages,https://api.github.com/repos/Jeffery2004/URL_Shortener/stargazers,https://api.github.com/repos/Jeffery2004/URL_Shortener/contributors,https://api.github.com/repos/Jeffery2004/URL_Shortener/subscribers,https://api.github.com/repos/Jeffery2004/URL_Shortener/subscription,https://api.github.com/repos/Jeffery2004/URL_Shortener/commits{/sha},https://api.github.com/repos/Jeffery2004/URL_Shortener/git/commits{/sha},https://api.github.com/repos/Jeffery2004/URL_Shortener/comments{/number},https://api.github.com/repos/Jeffery2004/URL_Shortener/issues/comments{/number},https://api.github.com/repos/Jeffery2004/URL_Shortener/contents/{+path},https://api.github.com/repos/Jeffery2004/URL_Shortener/compare/{base}...{head},https://api.github.com/repos/Jeffery2004/URL_Shortener/merges,https://api.github.com/repos/Jeffery2004/URL_Shortener/{archive_format}{/ref},https://api.github.com/repos/Jeffery2004/URL_Shortener/downloads,https://api.github.com/repos/Jeffery2004/URL_Shortener/issues{/number},https://api.github.com/repos/Jeffery2004/URL_Shortener/pulls{/number},https://api.github.com/repos/Jeffery2004/URL_Shortener/milestones{/number},"https://api.github.com/repos/Jeffery2004/URL_Shortener/notifications{?since,all,participating}",https://api.github.com/repos/Jeffery2004/URL_Shortener/labels{/name},https://api.github.com/repos/Jeffery2004/URL_Shortener/releases{/id},https://api.github.com/repos/Jeffery2004/URL_Shortener/deployments,2025-05-29T14:42:40Z,2025-05-29T14:42:40Z,2025-05-29T14:42:40Z,git://github.com/Jeffery2004/URL_Shortener.git,git@github.com:Jeffery2004/URL_Shortener.git,https://github.com/Jeffery2004/URL_Shortener.git,https://github.com/Jeffery2004/URL_Shortener,,0,0,0,,True,True,True,True,False,False,0,,False,False,0,,True,False,False,True,all,[],public,0,0,0,main
